[
  {
    "inputs": [
      {
        "internalType": "uint256",
        "name": "_registrationPeriod",
        "type": "uint256"
      },
      {
        "internalType": "uint256",
        "name": "_giftSubmissionPeriod",
        "type": "uint256"
      },
      {
        "internalType": "uint256",
        "name": "_revealDelay",
        "type": "uint256"
      },
      {
        "internalType": "uint256",
        "name": "_entryFee",
        "type": "uint256"
      },
      {
        "internalType": "uint256",
        "name": "_minParticipants",
        "type": "uint256"
      },
      {
        "internalType": "uint256",
        "name": "_maxParticipants",
        "type": "uint256"
      }
    ],
    "stateMutability": "nonpayable",
    "type": "constructor"
  },
  {
    "inputs": [],
    "name": "AlreadyRegistered",
    "type": "error"
  },
  {
    "inputs": [],
    "name": "AlreadySubmittedGift",
    "type": "error"
  },
  {
    "inputs": [],
    "name": "DeadlineNotReached",
    "type": "error"
  },
  {
    "inputs": [],
    "name": "DeadlinePassed",
    "type": "error"
  },
  {
    "inputs": [],
    "name": "GameFull",
    "type": "error"
  },
  {
    "inputs": [],
    "name": "IncorrectEntryFee",
    "type": "error"
  },
  {
    "inputs": [],
    "name": "InsufficientParticipants",
    "type": "error"
  },
  {
    "inputs": [],
    "name": "InvalidPhase",
    "type": "error"
  },
  {
    "inputs": [],
    "name": "NotEnoughParticipants",
    "type": "error"
  },
  {
    "inputs": [],
    "name": "NotRegistered",
    "type": "error"
  },
  {
    "inputs": [],
    "name": "OnlyOwner",
    "type": "error"
  },
  {
    "anonymous": false,
    "inputs": [
      {
        "indexed": false,
        "internalType": "uint256",
        "name": "timestamp",
        "type": "uint256"
      }
    ],
    "name": "GameRevealed",
    "type": "event"
  },
  {
    "anonymous": false,
    "inputs": [
      {
        "indexed": true,
        "internalType": "address",
        "name": "giver",
        "type": "address"
      },
      {
        "indexed": false,
        "internalType": "uint256",
        "name": "timestamp",
        "type": "uint256"
      }
    ],
    "name": "GiftSubmitted",
    "type": "event"
  },
  {
    "anonymous": false,
    "inputs": [
      {
        "indexed": false,
        "internalType": "uint256",
        "name": "timestamp",
        "type": "uint256"
      }
    ],
    "name": "MatchingCompleted",
    "type": "event"
  },
  {
    "anonymous": false,
    "inputs": [
      {
        "indexed": true,
        "internalType": "address",
        "name": "participant",
        "type": "address"
      },
      {
        "indexed": false,
        "internalType": "uint256",
        "name": "index",
        "type": "uint256"
      }
    ],
    "name": "ParticipantRegistered",
    "type": "event"
  },
  {
    "anonymous": false,
    "inputs": [
      {
        "indexed": false,
        "internalType": "enum SecretSanta.GamePhase",
        "name": "newPhase",
        "type": "uint8"
      },
      {
        "indexed": false,
        "internalType": "uint256",
        "name": "timestamp",
        "type": "uint256"
      }
    ],
    "name": "PhaseChanged",
    "type": "event"
  },
  {
    "anonymous": false,
    "inputs": [
      {
        "indexed": true,
        "internalType": "address",
        "name": "giver",
        "type": "address"
      },
      {
        "indexed": true,
        "internalType": "address",
        "name": "recipient",
        "type": "address"
      }
    ],
    "name": "RecipientRevealed",
    "type": "event"
  },
  {
    "inputs": [],
    "name": "currentPhase",
    "outputs": [
      {
        "internalType": "enum SecretSanta.GamePhase",
        "name": "",
        "type": "uint8"
      }
    ],
    "stateMutability": "view",
    "type": "function"
  },
  {
    "inputs": [],
    "name": "entryFee",
    "outputs": [
      {
        "internalType": "uint256",
        "name": "",
        "type": "uint256"
      }
    ],
    "stateMutability": "view",
    "type": "function"
  },
  {
    "inputs": [],
    "name": "getGameInfo",
    "outputs": [
      {
        "internalType": "enum SecretSanta.GamePhase",
        "name": "phase",
        "type": "uint8"
      },
      {
        "internalType": "uint256",
        "name": "numParticipants",
        "type": "uint256"
      },
      {
        "internalType": "uint256",
        "name": "regDeadline",
        "type": "uint256"
      },
      {
        "internalType": "uint256",
        "name": "subDeadline",
        "type": "uint256"
      },
      {
        "internalType": "uint256",
        "name": "revTime",
        "type": "uint256"
      }
    ],
    "stateMutability": "view",
    "type": "function"
  },
  {
    "inputs": [],
    "name": "getGiftsSubmittedCount",
    "outputs": [
      {
        "internalType": "uint256",
        "name": "",
        "type": "uint256"
      }
    ],
    "stateMutability": "view",
    "type": "function"
  },
  {
    "inputs": [],
    "name": "getMyRecipientEncrypted",
    "outputs": [
      {
        "internalType": "euint32",
        "name": "",
        "type": "bytes32"
      }
    ],
    "stateMutability": "nonpayable",
    "type": "function"
  },
  {
    "inputs": [
      {
        "internalType": "uint256",
        "name": "index",
        "type": "uint256"
      }
    ],
    "name": "getParticipantByIndex",
    "outputs": [
      {
        "internalType": "address",
        "name": "",
        "type": "address"
      }
    ],
    "stateMutability": "view",
    "type": "function"
  },
  {
    "inputs": [],
    "name": "getParticipants",
    "outputs": [
      {
        "internalType": "address[]",
        "name": "",
        "type": "address[]"
      }
    ],
    "stateMutability": "view",
    "type": "function"
  },
  {
    "inputs": [
      {
        "internalType": "address",
        "name": "giver",
        "type": "address"
      }
    ],
    "name": "getRevealedMatch",
    "outputs": [
      {
        "internalType": "address",
        "name": "recipient",
        "type": "address"
      },
      {
        "internalType": "uint64",
        "name": "giftValue",
        "type": "uint64"
      },
      {
        "internalType": "string",
        "name": "metadataURI",
        "type": "string"
      }
    ],
    "stateMutability": "view",
    "type": "function"
  },
  {
    "inputs": [
      {
        "internalType": "address",
        "name": "",
        "type": "address"
      }
    ],
    "name": "giftMetadataURIs",
    "outputs": [
      {
        "internalType": "string",
        "name": "",
        "type": "string"
      }
    ],
    "stateMutability": "view",
    "type": "function"
  },
  {
    "inputs": [],
    "name": "giftSubmissionDeadline",
    "outputs": [
      {
        "internalType": "uint256",
        "name": "",
        "type": "uint256"
      }
    ],
    "stateMutability": "view",
    "type": "function"
  },
  {
    "inputs": [],
    "name": "giftsSubmittedCount",
    "outputs": [
      {
        "internalType": "uint256",
        "name": "",
        "type": "uint256"
      }
    ],
    "stateMutability": "view",
    "type": "function"
  },
  {
    "inputs": [
      {
        "internalType": "address",
        "name": "",
        "type": "address"
      }
    ],
    "name": "hasSubmittedGift",
    "outputs": [
      {
        "internalType": "bool",
        "name": "",
        "type": "bool"
      }
    ],
    "stateMutability": "view",
    "type": "function"
  },
  {
    "inputs": [
      {
        "internalType": "address",
        "name": "",
        "type": "address"
      }
    ],
    "name": "isParticipant",
    "outputs": [
      {
        "internalType": "bool",
        "name": "",
        "type": "bool"
      }
    ],
    "stateMutability": "view",
    "type": "function"
  },
  {
    "inputs": [
      {
        "internalType": "address",
        "name": "addr",
        "type": "address"
      }
    ],
    "name": "isRegistered",
    "outputs": [
      {
        "internalType": "bool",
        "name": "",
        "type": "bool"
      }
    ],
    "stateMutability": "view",
    "type": "function"
  },
  {
    "inputs": [],
    "name": "maxParticipants",
    "outputs": [
      {
        "internalType": "uint256",
        "name": "",
        "type": "uint256"
      }
    ],
    "stateMutability": "view",
    "type": "function"
  },
  {
    "inputs": [],
    "name": "minParticipants",
    "outputs": [
      {
        "internalType": "uint256",
        "name": "",
        "type": "uint256"
      }
    ],
    "stateMutability": "view",
    "type": "function"
  },
  {
    "inputs": [],
    "name": "owner",
    "outputs": [
      {
        "internalType": "address",
        "name": "",
        "type": "address"
      }
    ],
    "stateMutability": "view",
    "type": "function"
  },
  {
    "inputs": [],
    "name": "participantCount",
    "outputs": [
      {
        "internalType": "uint256",
        "name": "",
        "type": "uint256"
      }
    ],
    "stateMutability": "view",
    "type": "function"
  },
  {
    "inputs": [
      {
        "internalType": "address",
        "name": "",
        "type": "address"
      }
    ],
    "name": "participantIndex",
    "outputs": [
      {
        "internalType": "uint256",
        "name": "",
        "type": "uint256"
      }
    ],
    "stateMutability": "view",
    "type": "function"
  },
  {
    "inputs": [
      {
        "internalType": "uint256",
        "name": "",
        "type": "uint256"
      }
    ],
    "name": "participants",
    "outputs": [
      {
        "internalType": "address",
        "name": "",
        "type": "address"
      }
    ],
    "stateMutability": "view",
    "type": "function"
  },
  {
    "inputs": [],
    "name": "protocolId",
    "outputs": [
      {
        "internalType": "uint256",
        "name": "",
        "type": "uint256"
      }
    ],
    "stateMutability": "view",
    "type": "function"
  },
  {
    "inputs": [],
    "name": "register",
    "outputs": [],
    "stateMutability": "payable",
    "type": "function"
  },
  {
    "inputs": [],
    "name": "registrationDeadline",
    "outputs": [
      {
        "internalType": "uint256",
        "name": "",
        "type": "uint256"
      }
    ],
    "stateMutability": "view",
    "type": "function"
  },
  {
    "inputs": [
      {
        "internalType": "address",
        "name": "participant",
        "type": "address"
      },
      {
        "internalType": "uint64",
        "name": "giftValue",
        "type": "uint64"
      }
    ],
    "name": "revealGift",
    "outputs": [],
    "stateMutability": "nonpayable",
    "type": "function"
  },
  {
    "inputs": [],
    "name": "revealTime",
    "outputs": [
      {
        "internalType": "uint256",
        "name": "",
        "type": "uint256"
      }
    ],
    "stateMutability": "view",
    "type": "function"
  },
  {
    "inputs": [
      {
        "internalType": "address",
        "name": "",
        "type": "address"
      }
    ],
    "name": "revealedGiftValues",
    "outputs": [
      {
        "internalType": "uint64",
        "name": "",
        "type": "uint64"
      }
    ],
    "stateMutability": "view",
    "type": "function"
  },
  {
    "inputs": [
      {
        "internalType": "address",
        "name": "",
        "type": "address"
      }
    ],
    "name": "revealedRecipients",
    "outputs": [
      {
        "internalType": "address",
        "name": "",
        "type": "address"
      }
    ],
    "stateMutability": "view",
    "type": "function"
  },
  {
    "inputs": [],
    "name": "startMatching",
    "outputs": [],
    "stateMutability": "nonpayable",
    "type": "function"
  },
  {
    "inputs": [
      {
        "internalType": "externalEuint64",
        "name": "encryptedGiftValue",
        "type": "bytes32"
      },
      {
        "internalType": "bytes",
        "name": "inputProof",
        "type": "bytes"
      },
      {
        "internalType": "string",
        "name": "giftMetadataURI",
        "type": "string"
      }
    ],
    "name": "submitGift",
    "outputs": [],
    "stateMutability": "nonpayable",
    "type": "function"
  },
  {
    "inputs": [
      {
        "internalType": "uint32",
        "name": "decryptedOffset",
        "type": "uint32"
      }
    ],
    "name": "triggerReveal",
    "outputs": [],
    "stateMutability": "nonpayable",
    "type": "function"
  }
]
